profile,t_pred,executor_instances,executor_memory_mb,driver_memory_mb,memory_fraction,shuffle_compress_b,spill_compress_b,broadcast_block_mb,max_in_flight_mb,shuffle_file_buffer_mb,io_codec,speedup_vs_median_%
huge,54.55781173706055,2,3072.0,2048.0,0.6,0,1,4.0,64.0,0.0625,snappy,39.20723417348731
huge,56.823978424072266,2,3072.0,2048.0,0.6,0,1,4.0,64.0,0.0625,lz4,36.6820863286414
large,62.79993438720703,2,3072.0,2048.0,0.6,0,1,8.0,64.0,0.0625,lz4,36.97276798488758
large,63.53466033935547,2,3072.0,2048.0,0.6,0,0,8.0,64.0,0.0625,lz4,36.23538277094671
large,64.02835083007812,2,3072.0,2048.0,0.6,0,1,4.0,64.0,0.0625,snappy,35.73990542043581
large,65.61286926269531,2,3072.0,2048.0,0.6,0,1,4.0,64.0,0.0625,lz4,34.14965199327411
