{
  "metrics": {
    "MAE": 11.417587166638183,
    "RMSE": 15.051398009932587,
    "R2": -3.0788100253684085,
    "MAPE": 11.986882629951538,
    "n_train": 127,
    "n_val": 32,
    "n_test": 40,
    "mode": "torch",
    "baseline_MAE": 4.991337925000001,
    "baseline_RMSE": 6.504236072419083,
    "baseline_R2": 0.23832028579242703
  },
  "qlearning": {
    "huge": {
      "best_pred_s": 54.55781173706055,
      "best_conf": {
        "executor_instances": 2,
        "executor_memory_mb": 3072.0,
        "driver_memory_mb": 2048.0,
        "memory_fraction": 0.6,
        "shuffle_compress_b": 0,
        "spill_compress_b": 1,
        "broadcast_block_mb": 4.0,
        "max_in_flight_mb": 64.0,
        "shuffle_file_buffer_mb": 0.0625,
        "io_codec": "snappy"
      }
    },
    "large": {
      "best_pred_s": 62.79993438720703,
      "best_conf": {
        "executor_instances": 2,
        "executor_memory_mb": 3072.0,
        "driver_memory_mb": 2048.0,
        "memory_fraction": 0.6,
        "shuffle_compress_b": 0,
        "spill_compress_b": 1,
        "broadcast_block_mb": 8.0,
        "max_in_flight_mb": 64.0,
        "shuffle_file_buffer_mb": 0.0625,
        "io_codec": "lz4"
      }
    }
  }
}