profile,t_pred,executor_instances,executor_memory_mb,driver_memory_mb,memory_fraction,shuffle_compress_b,spill_compress_b,broadcast_block_mb,max_in_flight_mb,shuffle_file_buffer_mb,io_codec,speedup_vs_median_%
huge,45.776410828158035,2,3072.0,2048.0,0.4,0,1,8.0,64.0,0.0625,lz4,48.99218764003187
large,60.86771391656087,2,3072.0,2048.0,0.6,1,1,8.0,64.0,0.0625,lz4,38.91198192031765
large,64.53902472422901,2,3072.0,2048.0,0.4,1,1,8.0,64.0,0.0625,lz4,35.22738319688926
large,64.85052686031666,2,3072.0,2048.0,0.6,0,1,8.0,64.0,0.0625,snappy,34.91475361222525
