{
  "metrics": {
    "MAE": 11.659724651580968,
    "RMSE": 15.13388774348804,
    "R2": -3.123640670666414,
    "MAPE": 11.88972242412866,
    "n_train": 127,
    "n_val": 32,
    "n_test": 40,
    "mode": "mlp",
    "baseline_MAE": 4.991337925000001,
    "baseline_RMSE": 6.504236072419083,
    "baseline_R2": 0.23832028579242703
  },
  "qlearning": {
    "huge": {
      "best_pred_s": 45.776410828158035,
      "best_conf": {
        "executor_instances": 2,
        "executor_memory_mb": 3072.0,
        "driver_memory_mb": 2048.0,
        "memory_fraction": 0.4,
        "shuffle_compress_b": 0,
        "spill_compress_b": 1,
        "broadcast_block_mb": 8.0,
        "max_in_flight_mb": 64.0,
        "shuffle_file_buffer_mb": 0.0625,
        "io_codec": "lz4"
      }
    },
    "large": {
      "best_pred_s": 60.86771391656087,
      "best_conf": {
        "executor_instances": 2,
        "executor_memory_mb": 3072.0,
        "driver_memory_mb": 2048.0,
        "memory_fraction": 0.6,
        "shuffle_compress_b": 1,
        "spill_compress_b": 1,
        "broadcast_block_mb": 8.0,
        "max_in_flight_mb": 64.0,
        "shuffle_file_buffer_mb": 0.0625,
        "io_codec": "lz4"
      }
    }
  }
}