topology_workers,topology_worker_cores,topology_worker_mem_gb,profile,executor_cores,executor_memory,executor_instances,driver_cores,driver_memory,memory_fraction,memory_storageFraction,shuffle_compress,spill_compress,shuffle_file_buffer,broadcast_block,broadcast_compress,maxSizeInFlight,io_codec,rpc_message_maxSize,rdd_compress,median_duration_s,exit_code
2,4,8,large,1,2g,2,1,1g,0.6,0.6,true,true,80k,6m,false,56m,snappy,160,false,23.935,0
2,4,8,large,3,3g,2,4,1g,0.3,0.6,false,false,128k,22m,true,64m,snappy,128,false,18.0865,0
2,4,8,large,2,6g,2,2,3g,0.3,0.6,false,true,32k,18m,true,96m,lz4,224,false,21.964,0
2,4,8,large,2,1g,2,4,4g,0.4,0.3,true,true,64k,14m,false,80m,snappy,160,true,18.626,0
2,4,8,large,4,5g,2,2,2g,0.8,0.5,false,true,64k,12m,true,56m,snappy,224,false,16.2995,0
2,4,8,large,1,2g,2,3,3g,0.3,0.5,false,false,64k,18m,false,72m,snappy,256,false,24.2545,0
2,4,8,large,4,1g,2,3,3g,0.4,0.8,true,false,96k,6m,false,72m,snappy,128,true,15.932,0
2,4,8,large,4,6g,2,3,3g,0.3,0.3,false,false,96k,22m,true,80m,snappy,192,false,17.0055,0
2,4,8,large,2,4g,2,4,1g,0.8,0.6,true,true,48k,8m,false,80m,lz4,160,false,18.185,0
2,4,8,large,4,1g,2,2,1g,0.4,0.3,false,true,80k,22m,false,80m,lz4,192,true,15.3425,0
2,4,8,large,1,3g,2,1,2g,0.8,0.6,false,false,96k,4m,false,72m,lz4,128,true,22.898,0
2,4,8,large,2,1g,2,4,1g,0.4,0.5,false,false,96k,14m,true,48m,snappy,256,false,18.0455,0
2,4,8,large,1,8g,2,4,4g,0.3,0.5,true,true,64k,6m,true,80m,snappy,160,false,31.6375,0
2,4,8,large,3,3g,2,4,3g,0.3,0.4,true,false,64k,12m,true,64m,lz4,160,true,18.742,0
2,4,8,large,3,1g,2,4,4g,0.8,0.4,true,false,112k,8m,false,56m,snappy,224,false,16.875,0
2,4,8,large,2,4g,2,2,1g,0.8,0.6,true,true,128k,18m,false,64m,lz4,256,false,19.12,0
2,4,8,large,1,6g,2,3,4g,0.3,0.4,true,false,48k,22m,false,48m,snappy,256,false,31.3215,0
2,4,8,large,1,3g,2,3,2g,0.6,0.6,false,true,32k,8m,false,48m,lz4,256,true,22.29,0
2,4,8,large,1,4g,2,4,1g,0.4,0.5,false,true,112k,18m,true,80m,lz4,256,true,23.2595,0
2,4,8,large,3,1g,2,2,3g,0.4,0.6,true,false,48k,6m,true,64m,lz4,192,true,17.2465,0
2,4,8,large,2,6g,2,1,2g,0.5,0.8,false,false,80k,8m,true,64m,lz4,256,true,20.608,0
2,4,8,large,1,6g,2,1,3g,0.4,0.3,false,false,64k,16m,false,64m,snappy,192,false,31.7805,0
2,4,8,large,4,2g,2,2,4g,0.4,0.7,false,false,112k,10m,true,96m,lz4,128,true,16.2695,0
2,4,8,large,2,6g,2,1,3g,0.5,0.8,false,true,64k,14m,false,48m,snappy,256,true,21.093,0
2,4,8,large,4,2g,2,4,3g,0.8,0.7,true,false,64k,4m,false,88m,lz4,224,false,16.5285,0
2,4,8,large,1,5g,2,3,3g,0.3,0.5,false,true,32k,8m,true,48m,snappy,256,false,30.3685,0
2,4,8,large,1,2g,2,4,2g,0.6,0.5,true,true,128k,22m,false,80m,snappy,160,false,23.1865,0
2,4,8,large,1,6g,2,3,2g,0.3,0.8,false,false,96k,24m,true,80m,snappy,128,true,31.7555,0
2,4,8,large,4,6g,2,1,4g,0.7,0.8,false,true,48k,4m,false,80m,lz4,128,false,16.665,0
2,4,8,large,1,7g,2,4,2g,0.7,0.7,true,true,32k,4m,false,72m,snappy,160,true,30.9135,0
2,4,8,large,2,4g,2,4,4g,0.5,0.3,true,true,128k,22m,true,48m,lz4,160,true,18.6215,0
2,4,8,large,2,8g,2,2,1g,0.3,0.3,true,true,80k,14m,false,88m,lz4,128,false,21.543,0
2,4,8,large,3,4g,2,4,2g,0.6,0.8,false,false,32k,6m,false,48m,lz4,256,false,17.136,0
2,4,8,large,2,3g,2,1,1g,0.4,0.6,true,true,128k,12m,false,88m,snappy,256,true,18.4795,0
2,4,8,large,3,4g,2,3,4g,0.6,0.8,false,false,112k,16m,false,48m,snappy,224,false,17.249,0
2,4,8,large,2,1g,2,2,2g,0.3,0.5,false,true,80k,20m,true,64m,lz4,160,true,17.983,0
2,4,8,large,3,3g,2,4,2g,0.3,0.5,true,true,128k,16m,true,72m,snappy,128,true,17.698,0
2,4,8,large,3,1g,2,4,4g,0.3,0.4,true,true,64k,14m,false,64m,lz4,224,false,17.413,0
2,4,8,large,2,6g,2,2,1g,0.7,0.3,true,false,112k,10m,true,96m,lz4,256,true,20.825,0
2,4,8,large,4,1g,2,1,2g,0.5,0.8,false,false,32k,20m,false,64m,snappy,224,false,15.3645,0
2,4,8,large,4,2g,2,2,3g,0.6,0.6,false,false,64k,16m,false,88m,lz4,224,true,14.895,0
2,4,8,large,1,5g,2,3,3g,0.5,0.3,true,true,64k,24m,true,88m,lz4,128,false,31.0395,0
2,4,8,large,3,8g,2,4,1g,0.7,0.4,true,true,80k,6m,true,64m,lz4,160,true,16.876,0
2,4,8,large,1,6g,2,2,3g,0.3,0.5,true,false,96k,8m,false,88m,snappy,160,true,31.005,0
2,4,8,large,3,4g,2,3,3g,0.8,0.3,true,false,80k,14m,false,96m,snappy,160,false,17.7625,0
2,4,8,large,2,2g,2,4,1g,0.3,0.8,true,true,128k,20m,true,80m,snappy,256,true,18.5365,0
2,4,8,large,3,2g,2,4,4g,0.5,0.8,false,false,128k,8m,true,56m,snappy,192,true,17.3115,0
2,4,8,large,1,6g,2,2,1g,0.8,0.6,true,false,48k,24m,true,72m,snappy,128,true,30.75,0
2,4,8,large,2,1g,2,3,3g,0.3,0.7,false,true,96k,6m,true,80m,lz4,256,true,17.908,0
2,4,8,large,2,8g,2,4,4g,0.4,0.4,true,false,128k,22m,true,88m,lz4,160,true,20.6755,0
2,4,8,large,4,2g,2,1,4g,0.3,0.4,false,true,64k,16m,true,48m,snappy,256,true,16.111,0
2,4,8,large,3,1g,2,4,4g,0.4,0.5,true,false,128k,24m,true,96m,lz4,192,true,17.0015,0
2,4,8,large,3,7g,2,4,3g,0.5,0.8,true,true,64k,24m,true,56m,lz4,224,true,17.5075,0
2,4,8,large,2,7g,2,4,3g,0.5,0.6,true,true,64k,12m,false,72m,lz4,192,true,20.57,0
2,4,8,large,4,4g,2,2,2g,0.5,0.5,true,true,96k,6m,true,48m,lz4,256,false,15.9565,0
2,4,8,large,2,4g,2,2,3g,0.5,0.3,false,true,128k,10m,true,88m,snappy,256,true,18.189,0
2,4,8,large,2,3g,2,4,1g,0.4,0.7,false,true,64k,10m,true,72m,lz4,256,true,18.5185,0
2,4,8,large,3,5g,2,2,1g,0.7,0.8,false,true,64k,20m,false,96m,lz4,224,true,17.8655,0
2,4,8,large,1,7g,2,3,2g,0.3,0.3,false,false,96k,22m,false,88m,lz4,128,false,30.7495,0
2,4,8,large,3,5g,2,2,1g,0.8,0.3,true,true,64k,4m,true,56m,snappy,128,true,17.618,0
2,4,8,large,3,5g,2,3,3g,0.3,0.5,false,false,128k,16m,true,88m,lz4,256,true,17.53,0
2,4,8,large,3,3g,2,4,2g,0.7,0.7,false,true,48k,20m,false,72m,snappy,224,true,17.4705,0
2,4,8,large,2,2g,2,1,1g,0.5,0.5,false,true,112k,18m,false,56m,lz4,192,true,17.231,0
2,4,8,large,4,6g,2,2,1g,0.8,0.6,false,false,32k,8m,true,56m,snappy,128,true,16.556,0
2,4,8,large,4,4g,2,2,2g,0.3,0.7,true,true,128k,18m,false,72m,snappy,256,true,15.609,0
2,4,8,large,2,2g,2,4,2g,0.5,0.5,false,false,80k,22m,true,56m,lz4,192,false,17.6915,0
2,4,8,large,4,3g,2,3,3g,0.3,0.6,true,true,96k,24m,true,80m,lz4,160,true,15.6045,0
2,4,8,large,1,8g,2,4,1g,0.5,0.8,false,true,128k,10m,true,56m,snappy,192,false,30.797,0
2,4,8,large,1,7g,2,3,3g,0.4,0.5,false,true,96k,8m,true,72m,snappy,128,true,30.5905,0
2,4,8,large,2,5g,2,2,1g,0.8,0.7,true,true,80k,22m,true,80m,lz4,192,false,20.7335,0
2,4,8,large,3,5g,2,4,2g,0.4,0.8,true,true,112k,8m,false,80m,lz4,128,false,17.4165,0
2,4,8,large,4,7g,2,1,4g,0.7,0.3,false,true,112k,6m,false,72m,lz4,128,false,16.122,0
2,4,8,large,2,3g,2,3,3g,0.4,0.3,true,true,32k,4m,false,64m,snappy,128,true,17.9255,0
2,4,8,large,4,7g,2,2,2g,0.6,0.7,true,false,112k,20m,false,96m,lz4,192,true,15.66,0
2,4,8,large,1,1g,2,2,1g,0.3,0.3,true,true,48k,20m,true,48m,snappy,224,false,23.156,0
2,4,8,large,3,1g,2,3,4g,0.6,0.5,true,true,48k,16m,false,96m,lz4,224,true,16.874,0
2,4,8,large,4,2g,2,1,1g,0.7,0.6,true,true,112k,8m,true,56m,snappy,160,true,15.336,0
2,4,8,large,1,7g,2,1,3g,0.8,0.8,false,true,112k,10m,false,88m,snappy,160,true,31.1045,0
2,4,8,large,1,1g,2,2,1g,0.5,0.7,false,false,96k,12m,true,56m,snappy,256,false,22.6665,0
2,4,8,large,2,8g,2,2,1g,0.3,0.5,true,true,32k,14m,true,72m,snappy,224,false,21.183,0
2,4,8,large,2,3g,2,3,3g,0.3,0.7,true,true,32k,6m,false,64m,snappy,160,true,17.9255,0
2,4,8,large,2,6g,2,1,4g,0.7,0.4,false,true,112k,8m,false,96m,lz4,192,true,20.94,0
2,4,8,large,4,8g,2,4,4g,0.5,0.6,true,false,48k,12m,true,72m,snappy,256,false,15.998,0
2,4,8,large,1,8g,2,2,3g,0.6,0.7,false,true,96k,18m,false,96m,snappy,192,true,31.2875,0
2,4,8,large,1,8g,2,3,3g,0.5,0.7,false,false,112k,22m,true,80m,lz4,160,false,30.6625,0
2,4,8,large,1,8g,2,3,4g,0.5,0.7,false,true,128k,22m,true,88m,lz4,192,false,31.334,0
2,4,8,large,1,5g,2,2,1g,0.8,0.3,true,false,96k,20m,false,56m,lz4,128,true,31.7295,0
2,4,8,large,3,3g,2,4,1g,0.6,0.8,true,false,64k,4m,false,56m,snappy,256,true,17.7245,0
2,4,8,large,4,4g,2,4,4g,0.8,0.6,false,true,48k,18m,false,88m,lz4,192,true,16.1195,0
2,4,8,large,1,4g,2,1,3g,0.5,0.6,true,false,32k,12m,false,56m,lz4,224,true,22.707,0
2,4,8,large,4,1g,2,3,3g,0.7,0.5,false,true,96k,10m,false,48m,lz4,128,false,15.703,0
2,4,8,large,2,8g,2,3,1g,0.6,0.4,true,false,80k,22m,false,64m,snappy,256,false,21.766,0
2,4,8,large,1,8g,2,3,2g,0.6,0.3,true,true,128k,18m,false,56m,lz4,128,true,32.2035,0
2,4,8,large,1,1g,2,4,2g,0.3,0.3,true,true,32k,4m,true,88m,lz4,160,true,23.4205,0
2,4,8,large,1,3g,2,2,1g,0.8,0.8,false,false,48k,8m,false,80m,snappy,192,false,23.0225,0
2,4,8,large,2,5g,2,1,2g,0.4,0.8,false,true,112k,20m,false,56m,lz4,192,false,21.755,0
2,4,8,large,2,6g,2,4,1g,0.3,0.6,false,false,48k,12m,false,88m,lz4,128,false,21.904,0
2,4,8,large,4,7g,2,1,4g,0.4,0.7,false,false,64k,6m,false,64m,lz4,192,false,16.249,0
2,4,8,large,2,2g,2,1,3g,0.6,0.8,false,false,32k,12m,true,88m,lz4,224,false,18.928,0
2,4,8,large,2,7g,2,2,3g,0.6,0.3,false,false,64k,4m,true,48m,lz4,256,true,21.206,0
2,4,8,large,3,7g,2,4,1g,0.5,0.7,false,false,80k,4m,false,48m,lz4,160,true,17.118,0
2,4,8,large,2,5g,2,2,1g,0.3,0.8,true,true,112k,20m,true,88m,lz4,256,false,21.145,0
2,4,8,large,3,5g,2,3,2g,0.5,0.3,false,false,48k,24m,true,96m,lz4,192,true,17.275,0
2,4,8,large,2,6g,2,3,1g,0.8,0.8,false,false,32k,22m,false,80m,lz4,256,false,21.007,0
2,4,8,large,1,7g,2,3,2g,0.4,0.4,true,true,80k,20m,true,72m,snappy,256,true,30.9445,0
2,4,8,large,4,6g,2,2,4g,0.4,0.7,true,true,32k,4m,true,56m,lz4,128,true,15.9585,0
2,4,8,large,1,6g,2,3,1g,0.8,0.6,false,false,96k,4m,true,48m,lz4,192,true,31.767,0
2,4,8,large,3,8g,2,4,3g,0.8,0.6,false,true,48k,20m,false,48m,snappy,160,true,17.4535,0
2,4,8,large,2,8g,2,2,2g,0.5,0.4,true,true,32k,16m,true,64m,lz4,128,false,20.717,0
2,4,8,large,4,2g,2,1,4g,0.4,0.5,false,true,64k,24m,false,88m,snappy,128,true,15.502,0
2,4,8,large,4,1g,2,1,3g,0.7,0.4,true,false,112k,20m,false,56m,lz4,128,true,15.4505,0
2,4,8,large,2,4g,2,2,2g,0.5,0.8,true,false,96k,18m,true,56m,snappy,160,false,17.86,0
2,4,8,large,2,3g,2,1,3g,0.3,0.7,true,false,96k,14m,false,96m,snappy,224,true,18.094,0
2,4,8,large,3,4g,2,1,2g,0.7,0.3,false,true,112k,22m,true,48m,lz4,192,true,17.7015,0
2,4,8,large,3,2g,2,3,3g,0.7,0.8,false,true,48k,24m,false,48m,lz4,192,false,17.5725,0
2,4,8,large,1,1g,2,1,1g,0.4,0.5,true,false,64k,24m,false,80m,snappy,160,false,22.7105,0
2,4,8,large,3,6g,2,1,1g,0.4,0.7,false,false,128k,4m,true,48m,lz4,224,true,17.711,0
2,4,8,large,1,1g,2,1,4g,0.6,0.5,true,false,48k,14m,true,88m,snappy,160,true,23.081,0
2,4,8,large,1,8g,2,4,1g,0.8,0.7,false,true,48k,22m,false,80m,snappy,128,false,31.012,0
2,4,8,large,2,2g,2,2,3g,0.5,0.8,true,true,48k,14m,true,88m,lz4,160,false,17.7485,0
2,4,8,large,3,7g,2,4,3g,0.4,0.3,false,true,80k,20m,true,72m,lz4,192,false,17.779,0
2,4,8,large,1,4g,2,2,1g,0.3,0.6,true,true,32k,24m,true,48m,lz4,160,false,23.0195,0
2,4,8,large,1,8g,2,1,2g,0.5,0.5,true,true,96k,22m,false,56m,snappy,128,true,30.9585,0
2,4,8,large,4,3g,2,4,2g,0.4,0.6,false,false,96k,24m,false,88m,lz4,160,false,15.8805,0
2,4,8,large,3,7g,2,2,4g,0.5,0.6,true,true,64k,12m,false,64m,lz4,256,false,17.6245,0
2,4,8,large,1,6g,2,3,3g,0.3,0.5,false,true,64k,8m,true,72m,snappy,256,false,30.718,0
2,4,8,large,4,8g,2,1,3g,0.8,0.3,false,false,64k,10m,true,80m,lz4,256,true,15.7955,0
2,4,8,large,1,5g,2,3,3g,0.4,0.5,false,false,32k,18m,true,96m,lz4,160,false,30.926,0
2,4,8,large,1,6g,2,4,4g,0.7,0.8,true,false,64k,18m,true,56m,lz4,256,false,31.512,0
2,4,8,large,1,5g,2,4,3g,0.4,0.7,false,false,112k,6m,true,48m,lz4,256,false,33.0315,0
2,4,8,large,4,2g,2,4,3g,0.8,0.8,true,false,64k,6m,false,64m,snappy,160,false,22.645,0
2,4,8,large,2,8g,2,3,4g,0.5,0.6,true,false,48k,22m,false,56m,snappy,128,false,26.8655,0
2,4,8,large,4,8g,2,2,1g,0.6,0.8,false,true,48k,12m,false,72m,snappy,128,true,23.2165,0
2,4,8,large,3,2g,2,2,1g,0.3,0.8,true,false,32k,14m,true,64m,snappy,160,false,23.448,0
3,3,6,large,1,3g,2,2,3g,0.8,0.4,true,true,64k,14m,false,64m,lz4,128,false,22.793,0
3,3,6,large,1,4g,3,3,4g,0.6,0.7,true,false,64k,4m,false,64m,lz4,256,true,26.071,0
3,3,6,large,3,1g,3,4,4g,0.7,0.3,true,false,32k,8m,true,64m,snappy,160,false,16.807,0
3,3,6,large,1,4g,3,1,1g,0.4,0.7,true,false,64k,18m,true,80m,lz4,160,false,25.7445,0
3,3,6,large,1,6g,2,3,3g,0.7,0.3,false,false,96k,14m,true,80m,lz4,160,false,26.0405,0
3,3,6,large,3,4g,2,2,4g,0.4,0.3,false,true,96k,10m,true,96m,lz4,160,true,17.053,0
3,3,6,large,3,3g,2,2,2g,0.5,0.7,true,false,96k,14m,true,48m,lz4,224,false,17.1035,0
3,3,6,large,3,5g,2,4,1g,0.3,0.8,true,false,112k,10m,false,88m,snappy,256,false,17.193,0
3,3,6,large,3,1g,3,3,2g,0.7,0.7,false,true,32k,16m,true,72m,snappy,224,false,16.7085,0
3,3,6,large,1,6g,2,3,2g,0.6,0.6,false,true,48k,12m,false,64m,lz4,224,true,25.672,0
3,3,6,large,3,1g,2,2,1g,0.5,0.6,false,true,48k,24m,true,96m,snappy,224,true,17.3415,0
3,3,6,large,2,6g,3,4,3g,0.4,0.3,false,true,32k,12m,true,80m,lz4,192,false,18.8645,0
3,3,6,large,1,4g,3,2,2g,0.5,0.5,false,true,48k,16m,false,88m,snappy,224,false,25.9865,0
3,3,6,large,1,1g,3,3,4g,0.3,0.6,true,true,128k,22m,true,80m,snappy,160,true,25.1465,0
3,3,6,large,1,1g,3,2,4g,0.4,0.3,false,true,32k,20m,true,56m,snappy,192,true,24.9425,0
3,3,6,large,1,4g,3,3,3g,0.3,0.8,false,true,96k,12m,true,88m,lz4,128,false,26.324,0
3,3,6,large,3,1g,2,4,3g,0.5,0.4,true,false,48k,14m,false,64m,snappy,128,true,19.6935,0
3,3,6,large,3,6g,2,3,1g,0.4,0.5,true,true,112k,12m,true,88m,lz4,224,true,17.836,0
3,3,6,large,2,5g,3,1,1g,0.6,0.6,true,true,128k,6m,false,72m,lz4,256,true,19.8,0
3,3,6,large,2,6g,3,1,4g,0.7,0.7,true,false,128k,18m,false,64m,lz4,160,true,18.9865,0
3,3,6,large,1,6g,3,1,1g,0.6,0.3,false,true,128k,24m,false,72m,lz4,192,true,26.1805,0
3,3,6,large,2,5g,3,3,2g,0.4,0.6,false,false,128k,18m,false,56m,lz4,224,false,19.3735,0
3,3,6,large,3,4g,3,1,3g,0.8,0.3,false,true,80k,22m,true,72m,snappy,160,true,17.5475,0
3,3,6,large,3,4g,3,2,2g,0.8,0.6,true,true,128k,8m,false,80m,snappy,192,true,18.2685,0
3,3,6,large,3,6g,3,4,3g,0.6,0.7,false,false,96k,12m,true,64m,lz4,160,true,18.267,0
3,3,6,large,3,5g,3,3,1g,0.8,0.7,true,true,112k,22m,true,80m,snappy,128,false,18.912,0
3,3,6,large,1,5g,2,1,3g,0.5,0.3,true,true,48k,18m,true,64m,lz4,128,true,26.819,0
3,3,6,large,1,5g,3,4,2g,0.8,0.5,false,false,112k,10m,false,56m,lz4,256,true,25.5335,0
3,3,6,large,2,5g,2,4,4g,0.7,0.3,false,false,64k,22m,false,96m,lz4,160,true,18.722,0
3,3,6,large,3,5g,3,3,2g,0.4,0.7,false,true,32k,22m,false,96m,snappy,160,false,17.6555,0
3,3,6,large,2,1g,2,4,4g,0.7,0.6,true,false,64k,10m,false,72m,lz4,192,false,18.5905,0
3,3,6,large,3,3g,3,1,2g,0.8,0.8,true,false,80k,20m,true,72m,snappy,192,false,17.489,0
3,3,6,large,2,4g,3,1,2g,0.3,0.6,false,true,80k,6m,true,96m,lz4,192,true,18.76,0
3,3,6,large,3,3g,2,4,3g,0.5,0.8,true,false,64k,22m,true,56m,snappy,128,false,17.0615,0
3,3,6,large,2,4g,2,4,4g,0.7,0.7,false,false,96k,10m,true,88m,lz4,192,true,18.825,0
3,3,6,large,1,5g,3,3,4g,0.3,0.8,true,false,48k,14m,false,64m,lz4,192,false,26.036,0
3,3,6,large,3,2g,3,4,4g,0.5,0.7,false,false,112k,18m,false,48m,snappy,224,true,16.8125,0
3,3,6,large,1,4g,2,1,1g,0.4,0.5,false,true,64k,10m,false,80m,lz4,224,false,26.0645,0
3,3,6,large,3,6g,3,3,2g,0.7,0.6,true,true,80k,12m,false,88m,snappy,224,false,17.3465,0
3,3,6,large,3,4g,3,1,3g,0.6,0.8,false,true,48k,4m,false,88m,lz4,224,true,16.4805,0
3,3,6,large,1,4g,2,3,4g,0.4,0.4,false,false,96k,12m,true,56m,snappy,256,false,25.953,0
3,3,6,large,3,6g,2,3,1g,0.6,0.4,true,true,112k,4m,false,56m,snappy,128,true,16.814,0
3,3,6,large,2,2g,2,2,4g,0.6,0.6,true,false,64k,6m,false,72m,lz4,128,false,18.572,0
3,3,6,large,2,4g,3,1,2g,0.5,0.3,false,false,80k,6m,false,96m,lz4,192,false,17.9795,0
3,3,6,large,2,3g,2,1,2g,0.6,0.3,false,false,64k,22m,true,96m,lz4,224,false,18.944,0
3,3,6,large,1,6g,2,4,1g,0.7,0.4,false,true,128k,18m,false,64m,lz4,256,false,25.668,0
3,3,6,large,1,3g,2,4,2g,0.3,0.8,true,false,112k,10m,true,80m,lz4,224,false,22.2705,0
3,3,6,large,3,1g,3,2,3g,0.6,0.3,true,true,96k,16m,true,48m,snappy,192,true,17.379,0
3,3,6,large,2,1g,3,3,4g,0.5,0.3,false,false,32k,18m,true,64m,lz4,128,false,19.261,0
3,3,6,large,1,5g,3,3,4g,0.8,0.6,false,true,112k,6m,true,88m,snappy,192,true,26.7495,0
3,3,6,large,2,2g,2,1,1g,0.4,0.5,false,false,128k,24m,false,96m,snappy,160,false,18.8715,0
3,3,6,large,2,2g,2,4,2g,0.3,0.4,false,true,128k,16m,true,72m,snappy,128,true,17.8365,0
3,3,6,large,2,3g,2,2,4g,0.7,0.7,true,false,128k,20m,false,80m,snappy,128,false,17.809,0
3,3,6,large,3,3g,3,3,1g,0.4,0.8,true,true,64k,16m,true,64m,snappy,160,true,17.042,0
3,3,6,large,2,2g,2,3,4g,0.8,0.3,false,false,64k,14m,true,72m,lz4,160,true,17.795,0
3,3,6,large,1,2g,3,4,1g,0.4,0.6,true,false,112k,8m,true,80m,snappy,224,true,24.7105,0
3,3,6,large,1,2g,2,3,3g,0.3,0.4,false,false,32k,22m,false,48m,snappy,192,true,25.21,0
3,3,6,large,2,4g,2,2,1g,0.8,0.5,true,true,48k,18m,false,88m,snappy,256,false,19.4885,0
3,3,6,large,2,1g,2,4,1g,0.3,0.3,false,true,32k,22m,false,96m,snappy,128,false,17.542,0
3,3,6,large,2,3g,3,2,4g,0.8,0.5,true,false,48k,24m,true,96m,lz4,128,true,19.3605,0
3,3,6,large,1,3g,2,3,4g,0.4,0.4,true,false,32k,10m,true,64m,lz4,224,true,22.5225,0
3,3,6,large,1,4g,2,1,2g,0.7,0.7,false,false,112k,24m,false,56m,snappy,160,true,26.1615,0
3,3,6,large,1,6g,2,1,4g,0.6,0.7,true,false,128k,12m,true,64m,lz4,224,false,25.687,0
3,3,6,large,1,4g,2,1,2g,0.5,0.6,false,false,128k,10m,true,48m,lz4,192,false,25.446,0
3,3,6,large,1,6g,2,2,1g,0.3,0.7,false,false,64k,10m,false,64m,snappy,128,false,25.466,0
3,3,6,large,3,2g,3,2,2g,0.7,0.3,false,true,112k,10m,false,88m,snappy,256,false,16.5425,0
3,3,6,large,2,6g,3,4,4g,0.4,0.3,false,false,64k,20m,false,80m,snappy,224,false,18.7395,0
3,3,6,large,3,3g,3,1,2g,0.7,0.6,false,false,96k,12m,false,88m,snappy,256,false,16.8675,0
3,3,6,large,3,6g,2,4,2g,0.6,0.3,false,true,96k,10m,true,48m,lz4,160,true,17.802,0
3,3,6,large,1,3g,2,2,2g,0.7,0.5,true,true,64k,6m,false,80m,lz4,224,true,22.6275,0
3,3,6,large,1,4g,3,3,2g,0.7,0.7,true,false,48k,12m,true,96m,lz4,160,true,25.587,0
3,3,6,large,3,2g,2,2,2g,0.8,0.6,true,true,128k,6m,true,88m,snappy,224,false,16.654,0
3,3,6,large,3,3g,2,3,2g,0.7,0.5,true,true,128k,16m,false,64m,snappy,224,false,17.4285,0
3,3,6,large,2,5g,3,1,4g,0.6,0.4,false,true,32k,20m,false,48m,snappy,224,false,18.7505,0
3,3,6,large,3,6g,3,4,2g,0.8,0.5,false,true,64k,16m,false,88m,snappy,224,false,16.14,0
3,3,6,large,1,5g,3,2,2g,0.5,0.5,true,false,112k,22m,false,48m,snappy,256,false,26.2935,0
3,3,6,large,2,1g,3,2,4g,0.6,0.5,true,true,80k,10m,false,72m,snappy,256,false,18.29,0
3,3,6,large,1,4g,3,4,3g,0.7,0.6,false,false,112k,8m,false,56m,snappy,192,false,25.81,0
3,3,6,large,3,5g,3,1,3g,0.6,0.7,false,true,32k,18m,false,88m,lz4,160,false,18.092,0
3,3,6,large,2,6g,2,3,1g,0.6,0.8,false,true,128k,12m,false,72m,snappy,192,false,19.2655,0
3,3,6,large,3,5g,3,4,3g,0.6,0.5,false,true,128k,18m,true,48m,snappy,128,true,17.4025,0
3,3,6,large,1,1g,3,1,2g,0.6,0.8,false,true,128k,8m,false,56m,snappy,224,true,24.718,0
3,3,6,large,2,5g,3,3,3g,0.5,0.6,false,false,80k,10m,false,80m,lz4,224,true,18.5715,0
3,3,6,large,1,1g,3,1,2g,0.5,0.8,false,false,112k,16m,true,80m,snappy,192,true,24.018,0
3,3,6,large,1,2g,2,2,4g,0.8,0.4,false,false,80k,4m,true,56m,lz4,224,true,24.7285,0
3,3,6,large,2,1g,3,4,2g,0.4,0.8,false,false,96k,10m,false,64m,snappy,256,false,19.153,0
3,3,6,large,2,2g,2,2,4g,0.5,0.7,true,false,112k,10m,false,96m,snappy,160,false,18.926,0
3,3,6,large,1,2g,3,1,3g,0.3,0.7,false,false,48k,16m,false,64m,lz4,256,true,24.5565,0
3,3,6,large,3,6g,3,1,3g,0.4,0.3,true,true,80k,18m,false,48m,snappy,160,false,17.211,0
3,3,6,large,2,4g,2,2,2g,0.6,0.4,true,false,64k,14m,false,96m,snappy,160,true,19.4245,0
3,3,6,large,3,1g,2,2,4g,0.7,0.4,false,true,64k,18m,false,56m,lz4,160,false,16.514,0
3,3,6,large,1,4g,3,2,1g,0.8,0.4,true,false,64k,14m,false,48m,lz4,224,false,26.355,0
3,3,6,large,3,5g,3,3,3g,0.4,0.6,false,true,112k,4m,true,72m,lz4,160,false,17.068,0
3,3,6,large,3,1g,3,2,1g,0.7,0.5,false,false,112k,10m,false,72m,lz4,192,true,17.3095,0
3,3,6,large,2,5g,2,1,1g,0.3,0.5,false,false,64k,18m,false,72m,lz4,256,false,19.3055,0
3,3,6,large,3,3g,3,4,2g,0.8,0.7,true,true,96k,12m,true,72m,snappy,192,true,17.75,0
3,3,6,large,2,2g,3,1,2g,0.3,0.5,false,false,48k,24m,true,48m,snappy,192,false,18.834,0
3,3,6,large,1,4g,3,3,1g,0.8,0.4,true,false,48k,8m,true,88m,snappy,256,false,25.5905,0
3,3,6,large,3,4g,3,3,3g,0.4,0.5,true,false,48k,20m,false,96m,lz4,224,true,16.9985,0
3,3,6,large,2,2g,2,4,2g,0.5,0.4,false,false,96k,10m,false,64m,lz4,224,false,18.745,0
3,3,6,large,1,5g,3,4,2g,0.6,0.6,true,true,64k,24m,false,88m,snappy,128,false,25.8555,0
3,3,6,large,2,5g,2,2,1g,0.7,0.6,true,true,32k,24m,false,72m,snappy,256,false,20.066,0
3,3,6,large,2,6g,2,1,4g,0.4,0.8,true,false,64k,10m,false,96m,lz4,192,true,19.2025,0
3,3,6,large,1,3g,3,1,3g,0.8,0.8,false,false,48k,14m,false,80m,lz4,128,false,22.862,0
3,3,6,large,1,1g,2,2,4g,0.3,0.5,false,true,64k,24m,true,72m,lz4,192,true,24.7235,0
3,3,6,large,2,1g,2,1,2g,0.4,0.6,false,true,48k,6m,true,88m,lz4,192,false,19.252,0
3,3,6,large,2,3g,2,3,4g,0.7,0.3,false,true,80k,24m,true,96m,lz4,224,false,18.035,0
3,3,6,large,3,5g,3,2,3g,0.6,0.7,false,false,128k,14m,false,64m,lz4,224,true,16.6825,0
3,3,6,large,2,2g,2,1,3g,0.3,0.8,true,false,128k,16m,true,72m,snappy,192,true,18.741,0
3,3,6,large,2,3g,3,1,1g,0.4,0.8,false,false,112k,20m,true,64m,snappy,192,false,19.1295,0
3,3,6,large,2,1g,3,3,4g,0.3,0.5,true,false,80k,20m,false,72m,lz4,160,true,19.026,0
3,3,6,large,1,4g,2,1,4g,0.5,0.8,true,false,64k,12m,false,72m,snappy,224,false,25.434,0
3,3,6,large,2,1g,3,3,2g,0.3,0.6,true,false,80k,8m,false,96m,snappy,128,false,18.3695,0
3,3,6,large,2,4g,3,1,2g,0.8,0.5,true,false,96k,6m,true,64m,lz4,128,false,18.9605,0
3,3,6,large,3,6g,3,1,4g,0.7,0.3,false,true,32k,24m,true,80m,lz4,160,true,17.024,0
3,3,6,large,1,5g,2,2,2g,0.7,0.3,true,false,128k,10m,true,72m,snappy,192,false,25.3655,0
3,3,6,large,3,2g,3,2,1g,0.8,0.7,true,true,48k,18m,false,56m,lz4,128,false,16.781,0
3,3,6,large,1,5g,2,1,3g,0.7,0.8,false,true,112k,22m,true,64m,snappy,128,false,25.401,0
3,3,6,large,2,6g,2,3,1g,0.7,0.7,false,false,80k,24m,false,72m,lz4,128,false,19.2605,0
3,3,6,large,3,4g,3,1,4g,0.5,0.5,false,true,96k,4m,true,80m,lz4,160,false,17.004,0
3,3,6,large,3,4g,2,1,3g,0.8,0.8,false,false,112k,12m,true,88m,snappy,128,true,17.392,0
3,3,6,large,3,6g,3,1,4g,0.5,0.8,true,true,128k,20m,true,48m,snappy,256,true,17.0555,0
3,3,6,large,3,3g,3,4,3g,0.8,0.3,false,false,48k,10m,true,56m,snappy,160,true,16.9685,0
3,3,6,large,1,3g,2,4,3g,0.5,0.8,false,true,128k,14m,false,96m,lz4,224,true,22.272,0
3,3,6,large,3,3g,2,4,2g,0.8,0.3,true,false,64k,18m,true,72m,lz4,160,false,17.581,0
3,3,6,large,1,3g,2,4,4g,0.7,0.3,false,true,64k,6m,false,72m,snappy,160,true,22.576,0
3,3,6,large,1,2g,2,1,2g,0.8,0.8,true,false,112k,14m,true,48m,lz4,224,false,24.348,0
3,3,6,large,3,4g,2,4,4g,0.8,0.6,false,false,64k,10m,true,88m,snappy,256,true,17.1905,0
3,3,6,large,3,6g,3,4,2g,0.3,0.7,false,true,48k,10m,false,88m,snappy,128,false,17.372,0
3,3,6,large,2,4g,3,4,3g,0.6,0.8,true,false,48k,4m,true,48m,lz4,160,false,19.285,0
3,3,6,large,2,4g,3,1,3g,0.5,0.7,true,false,32k,4m,true,96m,lz4,224,false,18.5125,0
3,3,6,large,2,2g,2,1,1g,0.7,0.7,false,false,112k,20m,true,88m,snappy,224,false,18.848,0
3,3,6,large,2,4g,3,1,4g,0.5,0.5,true,false,32k,16m,false,48m,lz4,224,false,18.201,0
